received_at,uptime_ms,device_id,rssi,shot_count,mic_raw,mic_p2p,mic_rms,vibration_x,vibration_y,vibration_z,vibration_magnitude,vibration_jerk,gps_valid,latitude,longitude,altitude_m,speed_kmph,satellites
2026-10-07T20:27:23.698,25000.0,gun_dection,-26,0,1971,17,3.1,1991,2129,2104,14.6,6.0,False,0.0,0.0,0.0,0.0,0
2026-10-07T20:27:28.692,30000.0,gun_dection,-25,0,1972,10,2.1,1980,2121,2111,14.8,8.5,False,0.0,0.0,0.0,0.0,0
2026-10-07T20:27:33.691,35000.0,gun_dection,-25,0,1967,15,2.9,1983,2119,2110,11.2,3.7,False,0.0,0.0,0.0,0.0,0
2026-10-07T20:27:38.695,40000.0,gun_dection,-26,0,1972,12,2.5,2007,2108,2108,15.3,0.0,False,0.0,0.0,0.0,0.0,0
2026-10-07T20:27:43.692,45000.0,gun_dection,-27,0,1981,24,3.8,1995,2117,2111,2.7,10.2,False,0.0,0.0,0.0,0.0,0
2026-10-07T20:27:48.690,50000.0,gun_dection,-26,0,1967,11,2.8,1997,2123,2107,8.8,6.6,False,0.0,0.0,0.0,0.0,0
2026-10-07T20:27:53.691,55000.0,gun_dection,-27,0,1972,18,3.7,1983,2109,2119,15.1,3.4,False,0.0,0.0,0.0,0.0,0
2026-10-07T20:27:58.695,60000.0,gun_dection,-27,0,1973,18,2.6,1989,2127,2104,13.4,5.8,False,0.0,0.0,0.0,0.0,0
2026-10-07T20:28:03.692,65000.0,gun_dection,-29,0,1950,18,3.2,1996,2117,2105,5.6,4.9,False,0.0,0.0,0.0,0.0,0
